Food Categories,Calories (Kcal),Saturated Fat (g),Total Sugar (g),Salt (g)
Bacon & ham,,10%,,10%
Beef & veal,,10%,,
Beef & Veal ready meals,20%,10%,,10%
Biscuits including crackers,20%,10%,20%,10%
Burgers,,,,10%
Butter (over 80% fat),,,,10%
"Cakes, pastries and buns",20%,10%,20%,10%
Carbonated beverages,,,20%,
Cheeses,20%,10%,,10%
"Chicken, turkey & game",20%,,,10%
"Chipped, fried & roast potatoes",20%,10%,,
Chocolate confectionary,20%,10%,20%,
Desserts,,,20%,
Fish & fish products (canned fish),20%,,,10%
Fruit juices & smoothies,,,20%,
Ice-creams,,10%,20%,
Meat pies & pastries,,,,10%
Meat products,20%,10%,,10%
Rice puddings & custard,,,20%,
Non-chocolate confectionary ,,,20%,
"Nuts & seeds, herbs & spices",,,20%,10%
Other beverages,,,20%,
Other breads,,,,10%
Other breakfast cereals,20%,10%,20%,
Other fat spreads (40-80% fat),20%,10%,,10%
Alternative to milk & milk based beverages,,,20%,
"Peas, beans & lentils",,,,10%
Poultry & game ready meals,20%,,,10%
Processed potato products,,,,10%
Ready to eat breakfast cereals,20%,,20%,10%
Sausages ,,10%,,10%
Savouries,20%,10%,,10%
Savoury snacks,20%,,,10%
"Soups, sauces & miscellaneous foods",20%,10%,20%,10%
"Squashes, cordials & fruit juice drinks",,,20%,
Syrups and preserves,,,20%,
Vegetable & pulse dishes,,,,10%
White sliced bread & rolls,20%,,20%,10%
Wholemeal & brown bread & rolls,20%,,20%,10%
Yoghurts,20%,10%,20%,
