{
  "project_info": {
    "project_number": "209776429015",
    "firebase_url": "https://athru-e521d-default-rtdb.europe-west1.firebasedatabase.app",
    "project_id": "athru-e521d",
    "storage_bucket": "athru-e521d.appspot.com"
  },
  "client": [
    {
      "client_info": {
        "mobilesdk_app_id": "1:209776429015:android:ad5ecff0cda1f2a3ce2d92",
        "android_client_info": {
          "package_name": "com.example.fsai_app"
        }
      },
      "oauth_client": [],
      "api_key": [
        {
          "current_key": "AIzaSyDtcSI0z5tanNcJGxz4uSYD-47MHlQO8jo"
        }
      ],
      "services": {
        "appinvite_service": {
          "other_platform_oauth_client": []
        }
      }
    }
  ],
  "configuration_version": "1"
}